code,code_name,ipoDate,outDate,type,status
sz.000001,平安银行,1991-04-03,,1,1
sz.000002,万科A,1991-01-29,,1,1
sz.000003,PT金田A,1991-07-03,2002-06-14,1,0
sz.000004,ST国华,1991-01-14,,1,1
sz.000005,ST星源,1990-12-10,,1,1
sz.000006,深振业A,1992-04-27,,1,1
sz.000007,全新好,1992-04-13,,1,1
sz.000008,神州高铁,1992-05-07,,1,1
sz.000009,中国宝安,1991-06-25,,1,1
sz.000010,美丽生态,1995-10-27,,1,1
sz.000011,深物业A,1992-03-30,,1,1
sz.000012,南玻A,1992-02-28,,1,1
sz.000013,*ST石化A,1992-05-06,2004-09-20,1,0
sz.000014,沙河股份,1992-06-02,,1,1
sz.000015,PT中浩A,1992-06-25,2001-10-22,1,0
sz.000016,深康佳A,1992-03-27,,1,1
sz.000017,深中华A,1992-03-31,,1,1
sz.000018,神城A退,1992-06-16,2020-01-07,1,0
sz.000019,深粮控股,1992-10-12,,1,1
sz.000020,深华发A,1992-04-28,,1,1
sz.000021,深科技,1994-02-02,,1,1
sz.000022,深赤湾A,1993-05-05,2018-12-26,1,0
sz.000023,深天地A,1993-04-29,,1,1
sz.000024,招商地产,1993-06-07,2015-12-30,1,0
sz.000025,特力A,1993-06-21,,1,1
sz.000026,飞亚达,1993-06-03,,1,1
sz.000027,深圳能源,1993-09-03,,1,1
sz.000028,国药一致,1993-08-09,,1,1
sz.000029,深深房A,1993-09-15,,1,1
sz.000030,富奥股份,1993-09-29,,1,1
sz.000031,大悦城,1993-10-08,,1,1
sz.000032,深桑达A,1993-10-28,,1,1
sz.000033,新都退,1994-01-03,2017-07-07,1,0
sz.000034,神州数码,1994-05-09,,1,1
sz.000035,中国天楹,1994-04-08,,1,1
sz.000036,华联控股,1994-06-17,,1,1
sz.000037,深南电A,1994-07-01,,1,1
sz.000038,*ST大通,1994-08-08,,1,1
sz.000039,中集集团,1994-04-08,,1,1
sz.000040,东旭蓝天,1994-08-08,,1,1
sz.000042,中洲控股,1994-09-21,,1,1
sz.000043,中航善达,1994-09-28,2019-12-16,1,0
sz.000045,深纺织A,1994-08-15,,1,1
sz.000046,泛海控股,1994-09-12,,1,1
sz.000047,ST中侨,1994-10-21,2003-05-30,1,0
sz.000048,京基智农,1994-11-01,,1,1
sz.000049,德赛电池,1995-03-20,,1,1
sz.000050,深天马A,1995-03-15,,1,1
sz.000055,方大集团,1996-04-15,,1,1
sz.000056,皇庭国际,1996-07-08,,1,1
sz.000058,深赛格,1996-12-26,,1,1
sz.000059,华锦股份,1997-01-30,,1,1
sz.000060,中金岭南,1997-01-23,,1,1
sz.000061,农产品,1997-01-10,,1,1
sz.000062,深圳华强,1997-01-30,,1,1
sz.000063,中兴通讯,1997-11-18,,1,1
sz.000065,北方国际,1998-06-05,,1,1
sz.000066,中国长城,1997-06-26,,1,1
sz.000068,华控赛格,1997-06-11,,1,1
sz.000069,华侨城A,1997-09-10,,1,1
sz.000070,特发信息,2000-05-11,,1,1
sz.000078,海王生物,1998-12-18,,1,1
sz.000088,盐田港,1997-07-28,,1,1
sz.000089,深圳机场,1998-04-20,,1,1
sz.000090,天健集团,1999-07-21,,1,1
sz.000096,广聚能源,2000-07-24,,1,1
sz.000099,中信海直,2000-07-31,,1,1
sz.000100,TCL科技,2004-01-30,,1,1
sz.000150,*ST宜康,2000-08-07,,1,1
sz.000151,中成股份,2000-09-06,,1,1
sz.000153,丰原药业,2000-09-20,,1,1
sz.000155,川能动力,2000-09-26,,1,1
sz.000156,华数传媒,2000-09-06,,1,1
sz.000157,中联重科,2000-10-12,,1,1
sz.000158,常山北明,2000-07-24,,1,1
sz.000159,国际实业,2000-09-26,,1,1
sz.000166,申万宏源,2015-01-26,,1,1
sz.000301,东方盛虹,2000-05-29,,1,1
sz.000333,美的集团,2013-09-18,,1,1
sz.000338,潍柴动力,2007-04-30,,1,1
sz.000400,许继电气,1997-04-18,,1,1
sz.000401,冀东水泥,1996-06-14,,1,1
sz.000402,金融街,1996-06-26,,1,1
sz.000403,派林生物,1996-06-28,,1,1
sz.000404,长虹华意,1996-06-19,,1,1
sz.000405,ST鑫光,1996-06-20,2004-03-19,1,0
sz.000406,石油大明,1996-06-28,2006-04-21,1,0
sz.000407,胜利股份,1996-07-03,,1,1
sz.000408,藏格矿业,1996-06-28,,1,1
sz.000409,云鼎科技,1996-06-27,,1,1
sz.000410,*ST沈机,1996-07-18,,1,1
sz.000411,英特集团,1996-07-16,,1,1
sz.000412,ST五环,1996-07-15,2003-09-19,1,0
sz.000413,东旭光电,1996-09-25,,1,1
sz.000415,渤海租赁,1996-07-16,,1,1
sz.000416,民生控股,1996-07-19,,1,1
sz.000417,合肥百货,1996-08-12,,1,1
sz.000418,小天鹅A,1997-03-28,2019-06-21,1,0
sz.000419,通程控股,1996-08-16,,1,1
sz.000420,吉林化纤,1996-08-02,,1,1
sz.000421,南京公用,1996-08-06,,1,1
sz.000422,湖北宜化,1996-08-15,,1,1
sz.000423,东阿阿胶,1996-07-29,,1,1
sz.000425,徐工机械,1996-08-28,,1,1
sz.000426,兴业矿业,1996-08-28,,1,1
sz.000428,华天酒店,1996-08-08,,1,1
sz.000429,粤高速A,1998-02-20,,1,1
sz.000430,张家界,1996-08-29,,1,1
sz.000488,晨鸣纸业,2000-11-20,,1,1
sz.000498,山东路桥,1997-06-09,,1,1
sz.000501,武商集团,1992-11-20,,1,1
sz.000502,绿景退,1992-11-23,2022-06-27,1,0
sz.000503,国新健康,1992-11-30,,1,1
sz.000504,南华生物,1992-12-08,,1,1
sz.000505,京粮控股,1992-12-21,,1,1
sz.000506,中润资源,1993-03-12,,1,1
sz.000507,珠海港,1993-03-26,,1,1
sz.000508,琼民源A,1993-04-30,1999-07-12,1,0
sz.000509,华塑控股,1993-05-07,,1,1
sz.000510,新金路,1993-05-07,,1,1
sz.000511,烯碳退,1993-05-18,2018-07-18,1,0
sz.000513,丽珠集团,1993-10-28,,1,1
sz.000514,渝开发,1993-07-12,,1,1
sz.000515,攀渝钛业,1993-07-12,2009-05-06,1,0
sz.000516,国际医学,1993-08-09,,1,1
sz.000517,荣安地产,1993-08-06,,1,1
sz.000518,四环生物,1993-09-08,,1,1
sz.000519,中兵红箭,1993-10-08,,1,1
sz.000520,长航凤凰,1993-10-25,,1,1
sz.000521,长虹美菱,1993-10-18,,1,1
sz.000522,白云山A,1993-11-08,2013-04-26,1,0
sz.000523,广州浪奇,1993-11-08,,1,1
sz.000524,岭南控股,1993-11-18,,1,1
sz.000525,ST红太阳,1993-10-28,,1,1
sz.000526,学大教育,1993-11-01,,1,1
sz.000527,美的电器,1993-11-12,2013-09-18,1,0
sz.000528,柳工,1993-11-18,,1,1
sz.000529,广弘控股,1993-11-18,,1,1
sz.000530,冰山冷热,1993-12-08,,1,1
sz.000531,穗恒运A,1994-01-06,,1,1
sz.000532,华金资本,1994-01-03,,1,1
sz.000533,顺钠股份,1994-01-03,,1,1
sz.000534,万泽股份,1994-01-10,,1,1
sz.000535,*ST猴王,1993-11-30,2005-09-21,1,0
sz.000536,华映科技,1993-11-26,,1,1
sz.000537,广宇发展,1993-12-10,,1,1
sz.000538,云南白药,1993-12-15,,1,1
sz.000539,粤电力A,1993-11-26,,1,1
sz.000540,中天金融,1994-02-02,,1,1
sz.000541,佛山照明,1993-11-23,,1,1
sz.000542,TCL通讯,1993-12-01,2004-01-13,1,0
sz.000543,皖能电力,1993-12-20,,1,1
sz.000544,中原环保,1993-12-08,,1,1
sz.000545,金浦钛业,1993-12-15,,1,1
sz.000546,金圆股份,1993-12-15,,1,1
sz.000547,航天发展,1993-11-30,,1,1
sz.000548,湖南投资,1993-12-20,,1,1
sz.000549,S湘火炬,1993-12-20,2007-04-27,1,0
sz.000550,江铃汽车,1993-12-01,,1,1
sz.000551,创元科技,1994-01-06,,1,1
sz.000552,靖远煤电,1994-01-06,,1,1
sz.000553,安道麦A,1993-12-03,,1,1
sz.000554,泰山石油,1993-12-15,,1,1
sz.000555,神州信息,1994-04-08,,1,1
sz.000556,PT南洋,1994-05-25,2002-05-29,1,0
sz.000557,西部创业,1994-06-17,,1,1
sz.000558,莱茵体育,1994-05-09,,1,1
sz.000559,万向钱潮,1994-01-10,,1,1
sz.000560,我爱我家,1994-02-02,,1,1
sz.000561,烽火电子,1994-05-09,,1,1
sz.000562,宏源证券,1994-02-02,2015-01-26,1,0
sz.000563,陕国投A,1994-01-10,,1,1
sz.000564,ST大集,1994-01-10,,1,1
sz.000565,渝三峡A,1994-04-08,,1,1
sz.000566,海南海药,1994-05-25,,1,1
sz.000567,海德股份,1994-05-25,,1,1
sz.000568,泸州老窖,1994-05-09,,1,1
sz.000569,长城股份,1994-04-25,2009-05-06,1,0
sz.000570,苏常柴A,1994-07-01,,1,1
sz.000571,ST大洲,1994-05-25,,1,1
sz.000572,海马汽车,1994-08-08,,1,1
sz.000573,粤宏远A,1994-08-15,,1,1
sz.000576,甘化科工,1994-09-07,,1,1
sz.000578,盐湖集团,1995-03-03,2011-03-22,1,0
sz.000581,威孚高科,1998-09-24,,1,1
sz.000582,北部湾港,1995-11-02,,1,1
sz.000583,S*ST托普,1995-11-01,2007-05-21,1,0
sz.000584,哈工智能,1995-11-28,,1,1
sz.000585,东电退,1995-12-13,2022-05-24,1,0
sz.000586,汇源通信,1995-12-20,,1,1
sz.000587,*ST金洲,1996-04-25,,1,1
sz.000588,PT粤金曼,1996-01-23,2001-06-15,1,0
sz.000589,贵州轮胎,1996-03-08,,1,1
sz.000590,启迪药业,1996-01-19,,1,1
sz.000591,太阳能,1996-02-08,,1,1
sz.000592,平潭发展,1996-03-27,,1,1
sz.000593,德龙汇能,1996-03-12,,1,1
sz.000594,国恒退,1996-03-20,2015-07-13,1,0
sz.000595,宝塔实业,1996-04-19,,1,1
sz.000596,古井贡酒,1996-09-27,,1,1
sz.000597,东北制药,1996-05-23,,1,1
sz.000598,兴蓉环境,1996-05-29,,1,1
sz.000599,青岛双星,1996-04-30,,1,1
sz.000600,建投能源,1996-06-06,,1,1
sz.000601,韶能股份,1996-08-30,,1,1
sz.000602,金马集团,1996-08-19,2013-08-14,1,0
sz.000603,盛达资源,1996-08-23,,1,1
sz.000605,渤海股份,1996-09-13,,1,1
sz.000606,*ST顺利,1996-10-04,,1,1
sz.000607,华媒控股,1996-08-30,,1,1
sz.000608,阳光股份,1996-09-19,,1,1
sz.000609,中迪投资,1996-10-10,,1,1
sz.000610,西安旅游,1996-09-26,,1,1
sz.000611,天首退,1996-10-08,2022-06-28,1,0
sz.000612,焦作万方,1996-09-26,,1,1
sz.000613,东海A退,1997-01-28,2022-06-29,1,0
sz.000615,奥园美谷,1996-10-16,,1,1
sz.000616,ST海投,1996-11-08,,1,1
sz.000617,中油资本,1996-10-22,,1,1
sz.000618,吉林化工,1996-10-15,2006-02-20,1,0
sz.000619,海螺新材,1996-10-23,,1,1
sz.000620,新华联,1996-10-29,,1,1
sz.000621,*ST比特,1996-11-05,2004-09-27,1,0
sz.000622,恒立实业,1996-11-07,,1,1
sz.000623,吉林敖东,1996-10-28,,1,1
sz.000625,长安汽车,1997-06-10,,1,1
sz.000626,远大控股,1996-11-28,,1,1
sz.000627,天茂集团,1996-11-12,,1,1
sz.000628,高新发展,1996-11-18,,1,1
sz.000629,钒钛股份,1996-11-15,,1,1
sz.000630,铜陵有色,1996-11-20,,1,1
sz.000631,顺发恒业,1996-11-22,,1,1
sz.000632,三木集团,1996-11-21,,1,1
sz.000633,合金投资,1996-11-12,,1,1
sz.000635,英力特,1996-11-20,,1,1
sz.000636,风华高科,1996-11-29,,1,1
sz.000637,茂化实华,1996-11-14,,1,1
sz.000638,万方发展,1996-11-26,,1,1
sz.000639,西王食品,1996-11-26,,1,1
sz.000650,仁和药业,1996-12-10,,1,1
sz.000651,格力电器,1996-11-18,,1,1
sz.000652,泰达股份,1996-11-28,,1,1
sz.000653,ST九州,1996-11-26,2002-09-13,1,0
sz.000655,金岭矿业,1996-11-28,,1,1
sz.000656,金科股份,1996-11-28,,1,1
sz.000657,中钨高新,1996-12-05,,1,1
sz.000658,ST海洋,1996-12-18,2002-09-20,1,0
sz.000659,珠海中富,1996-12-03,,1,1
sz.000660,*ST南华,1996-12-09,2004-09-13,1,0
sz.000661,长春高新,1996-12-18,,1,1
sz.000662,天夏退,1996-12-16,2021-04-12,1,0
sz.000663,永安林业,1996-12-06,,1,1
sz.000665,湖北广电,1996-12-10,,1,1
sz.000666,经纬纺机,1996-12-10,,1,1
sz.000667,美好置业,1996-12-05,,1,1
sz.000668,荣丰控股,1996-12-10,,1,1
sz.000669,ST金鸿,1996-12-10,,1,1
sz.000670,盈方微,1996-12-17,,1,1
sz.000671,阳光城,1996-12-18,,1,1
sz.000672,上峰水泥,1996-12-18,,1,1
sz.000673,当代退,1997-01-24,2022-07-04,1,0
sz.000675,ST银山,1996-12-26,2002-08-20,1,0
sz.000676,智度股份,1996-12-24,,1,1
sz.000677,恒天海龙,1996-12-26,,1,1
sz.000678,襄阳轴承,1997-01-06,,1,1
sz.000679,大连友谊,1997-01-24,,1,1
sz.000680,山推股份,1997-01-22,,1,1
sz.000681,视觉中国,1997-01-21,,1,1
sz.000682,东方电子,1997-01-21,,1,1
sz.000683,远兴能源,1997-01-31,,1,1
sz.000685,中山公用,1997-01-23,,1,1
sz.000686,东北证券,1997-02-27,,1,1
sz.000687,华讯退,1997-02-21,2022-06-17,1,0
sz.000688,国城矿业,1997-01-20,,1,1
sz.000689,ST宏业,1996-12-31,2002-09-05,1,0
sz.000690,宝新能源,1997-01-28,,1,1
sz.000691,亚太实业,1997-02-28,,1,1
sz.000692,惠天热电,1997-02-27,,1,1
sz.000693,华泽退,1997-02-26,2019-07-09,1,0
sz.000695,滨海能源,1997-02-18,,1,1
sz.000697,炼石航空,1997-03-25,,1,1
sz.000698,沈阳化工,1997-02-20,,1,1
sz.000699,S*ST佳纸,1997-03-10,2007-04-04,1,0
sz.000700,模塑科技,1997-02-28,,1,1
sz.000701,厦门信达,1997-02-26,,1,1
sz.000702,正虹科技,1997-03-18,,1,1
sz.000703,恒逸石化,1997-03-28,,1,1
sz.000705,浙江震元,1997-04-10,,1,1
sz.000707,双环科技,1997-04-15,,1,1
sz.000708,中信特钢,1997-03-26,,1,1
sz.000709,河钢股份,1997-04-16,,1,1
sz.000710,贝瑞基因,1997-04-22,,1,1
sz.000711,京蓝科技,1997-04-11,,1,1
sz.000712,锦龙股份,1997-04-15,,1,1
sz.000713,丰乐种业,1997-04-22,,1,1
sz.000715,中兴商业,1997-05-08,,1,1
sz.000716,黑芝麻,1997-04-18,,1,1
sz.000717,中南股份,1997-05-08,,1,1
sz.000718,苏宁环球,1997-04-08,,1,1
sz.000719,中原传媒,1997-03-31,,1,1
sz.000720,新能泰山,1997-05-09,,1,1
sz.000721,西安饮食,1997-04-30,,1,1
sz.000722,湖南发展,1997-05-22,,1,1
sz.000723,美锦能源,1997-05-15,,1,1
sz.000725,京东方A,2001-01-12,,1,1
sz.000726,鲁泰A,2000-12-25,,1,1
sz.000727,冠捷科技,1997-05-20,,1,1
sz.000728,国元证券,1997-06-16,,1,1
sz.000729,燕京啤酒,1997-07-16,,1,1
sz.000730,*ST环保,1997-05-22,2004-09-24,1,0
sz.000731,四川美丰,1997-06-17,,1,1
sz.000732,ST泰禾,1997-07-04,,1,1
sz.000733,振华科技,1997-07-03,,1,1
sz.000735,罗牛山,1997-06-11,,1,1
sz.000736,中交地产,1997-04-25,,1,1
sz.000737,北方铜业,1997-04-28,,1,1
sz.000738,航发控制,1997-06-26,,1,1
sz.000739,普洛药业,1997-05-09,,1,1
sz.000748,长城信息,1997-07-04,2017-01-18,1,0
sz.000750,国海证券,1997-07-09,,1,1
sz.000751,锌业股份,1997-06-26,,1,1
sz.000752,*ST西发,1997-06-25,,1,1
sz.000753,漳州发展,1997-06-26,,1,1
sz.000755,山西路桥,1997-06-27,,1,1
sz.000756,新华制药,1997-08-06,,1,1
sz.000757,浩物股份,1997-06-27,,1,1
sz.000758,中色股份,1997-04-16,,1,1
sz.000759,中百集团,1997-05-19,,1,1
sz.000760,斯太退,1997-06-27,2021-07-23,1,0
sz.000761,本钢板材,1998-01-15,,1,1
sz.000762,西藏矿业,1997-07-08,,1,1
sz.000763,锦州石化,1997-09-15,2006-01-04,1,0
sz.000765,*ST华信,1997-11-03,2005-07-04,1,0
sz.000766,通化金马,1997-04-30,,1,1
sz.000767,晋控电力,1997-06-09,,1,1
sz.000768,中航西飞,1997-06-26,,1,1
sz.000769,*ST大菲,1997-05-30,2005-09-21,1,0
sz.000776,广发证券,1997-06-11,,1,1
sz.000777,中核科技,1997-07-10,,1,1
sz.000778,新兴铸管,1997-06-06,,1,1
sz.000779,甘咨询,1997-05-28,,1,1
sz.000780,ST平能,1997-06-06,2022-01-24,1,0
sz.000782,美达股份,1997-06-19,,1,1
sz.000783,长江证券,1997-07-31,,1,1
sz.000785,居然之家,1997-07-11,,1,1
sz.000786,北新建材,1997-06-06,,1,1
sz.000787,*ST创智,1997-06-26,2013-02-08,1,0
sz.000788,北大医药,1997-06-16,,1,1
sz.000789,万年青,1997-09-23,,1,1
sz.000790,华神科技,1998-03-27,,1,1
sz.000791,甘肃能源,1997-10-14,,1,1
sz.000792,盐湖股份,1997-09-04,,1,1
sz.000793,华闻集团,1997-07-29,,1,1
sz.000795,英洛华,1997-08-08,,1,1
sz.000796,ST凯撒,1997-07-03,,1,1
sz.000797,中国武夷,1997-07-15,,1,1
sz.000798,中水渔业,1998-02-12,,1,1
sz.000799,酒鬼酒,1997-07-18,,1,1
sz.000800,一汽解放,1997-06-18,,1,1
sz.000801,四川九洲,1998-05-06,,1,1
sz.000802,北京文化,1998-01-08,,1,1
sz.000803,山高环能,1998-03-03,,1,1
sz.000805,*ST炎黄,1998-05-29,2013-03-27,1,0
sz.000806,*ST银河,1998-04-16,,1,1
sz.000807,云铝股份,1998-04-08,,1,1
sz.000809,ST新城,1998-06-16,,1,1
sz.000810,创维数字,1998-06-02,,1,1
sz.000811,冰轮环境,1998-05-28,,1,1
sz.000812,陕西金叶,1998-06-23,,1,1
sz.000813,德展健康,1998-05-19,,1,1
sz.000815,美利云,1998-06-09,,1,1
sz.000816,智慧农业,1997-08-18,,1,1
sz.000817,辽河油田,1998-05-28,2006-01-04,1,0
sz.000818,航锦科技,1997-10-17,,1,1
sz.000819,岳阳兴长,1997-06-25,,1,1
sz.000820,神雾节能,1998-06-30,,1,1
sz.000821,京山轻机,1998-06-26,,1,1
sz.000822,山东海化,1998-07-03,,1,1
sz.000823,超声电子,1997-10-08,,1,1
sz.000825,太钢不锈,1998-10-21,,1,1
sz.000826,启迪环境,1998-02-25,,1,1
sz.000827,*ST长兴,1998-10-16,2005-09-21,1,0
sz.000828,东莞控股,1997-06-17,,1,1
sz.000829,天音控股,1997-12-02,,1,1
sz.000830,鲁西化工,1998-08-07,,1,1
sz.000831,中国稀土,1998-09-11,,1,1
sz.000832,*ST龙涤,1998-08-25,2006-06-29,1,0
sz.000833,粤桂股份,1998-11-11,,1,1
sz.000835,长动退,1999-06-25,2022-05-23,1,0
sz.000836,富通信息,1997-09-29,,1,1
sz.000837,秦川机床,1998-09-28,,1,1
sz.000838,财信发展,1997-06-26,,1,1
sz.000839,ST国安,1997-10-31,,1,1
sz.000848,承德露露,1997-11-13,,1,1
sz.000850,华茂股份,1998-10-07,,1,1
sz.000851,高鸿股份,1998-06-09,,1,1
sz.000852,石化机械,1998-11-26,,1,1
sz.000856,冀东装备,1998-08-13,,1,1
sz.000858,五粮液,1998-04-27,,1,1
sz.000859,国风新材,1998-11-19,,1,1
sz.000860,顺鑫农业,1998-11-04,,1,1
sz.000861,海印股份,1998-10-28,,1,1
sz.000862,银星能源,1998-09-15,,1,1
sz.000863,三湘印象,1997-09-25,,1,1
sz.000866,扬子石化,1998-05-12,2006-04-21,1,0
sz.000868,安凯客车,1997-07-25,,1,1
sz.000869,张裕A,2000-10-26,,1,1
sz.000875,吉电股份,2002-09-26,,1,1
sz.000876,新希望,1998-03-11,,1,1
sz.000877,天山股份,1999-01-07,,1,1
sz.000878,云南铜业,1998-06-02,,1,1
sz.000880,潍柴重机,1998-04-02,,1,1
sz.000881,中广核技,1998-09-02,,1,1
sz.000882,华联股份,1998-06-16,,1,1
sz.000883,湖北能源,1998-05-19,,1,1
sz.000885,城发环境,1999-03-19,,1,1
sz.000886,海南高速,1998-01-23,,1,1
sz.000887,中鼎股份,1998-12-03,,1,1
sz.000888,峨眉山A,1997-10-21,,1,1
sz.000889,ST中嘉,1997-12-18,,1,1
sz.000890,法尔胜,1999-01-19,,1,1
sz.000892,欢瑞世纪,1999-01-15,,1,1
sz.000893,亚钾国际,1998-12-24,,1,1
sz.000895,双汇发展,1998-12-10,,1,1
sz.000897,津滨发展,1999-04-22,,1,1
sz.000898,鞍钢股份,1997-12-25,,1,1
sz.000899,赣能股份,1997-11-26,,1,1
sz.000900,现代投资,1999-01-28,,1,1
sz.000901,航天科技,1999-04-01,,1,1
sz.000902,新洋丰,1999-04-08,,1,1
sz.000903,云内动力,1999-04-15,,1,1
sz.000905,厦门港务,1999-04-29,,1,1
sz.000906,浙商中拓,1999-07-07,,1,1
sz.000908,景峰医药,1999-02-03,,1,1
sz.000909,数源科技,1999-05-07,,1,1
sz.000910,大亚圣象,1999-06-30,,1,1
sz.000911,南宁糖业,1999-05-27,,1,1
sz.000912,泸天化,1999-06-03,,1,1
sz.000913,钱江摩托,1999-05-14,,1,1
sz.000915,华特达因,1999-06-09,,1,1
sz.000916,华北高速,1999-09-27,2017-12-25,1,0
sz.000917,电广传媒,1999-03-25,,1,1
sz.000918,嘉凯城,1999-07-20,,1,1
sz.000919,金陵药业,1999-11-18,,1,1
sz.000920,沃顿科技,1999-06-16,,1,1
sz.000921,海信家电,1999-07-13,,1,1
sz.000922,佳电股份,1999-06-18,,1,1
sz.000923,河钢资源,1999-07-14,,1,1
sz.000925,众合科技,1999-06-11,,1,1
sz.000926,福星股份,1999-06-18,,1,1
sz.000927,中国铁物,1999-07-27,,1,1
sz.000928,中钢国际,1999-03-12,,1,1
sz.000929,兰州黄河,1999-06-23,,1,1
sz.000930,中粮科技,1999-07-12,,1,1
sz.000931,中关村,1999-07-12,,1,1
sz.000932,华菱钢铁,1999-08-03,,1,1
sz.000933,神火股份,1999-08-31,,1,1
sz.000935,四川双马,1999-08-24,,1,1
sz.000936,华西股份,1999-08-10,,1,1
sz.000937,冀中能源,1999-09-09,,1,1
sz.000938,紫光股份,1999-11-04,,1,1
sz.000939,凯迪退,1999-09-23,2020-12-17,1,0
sz.000948,南天信息,1999-10-14,,1,1
sz.000949,新乡化纤,1999-10-21,,1,1
sz.000950,重药控股,1999-09-16,,1,1
sz.000951,中国重汽,1999-11-25,,1,1
sz.000952,广济药业,1999-11-12,,1,1
sz.000953,河化股份,1999-12-02,,1,1
sz.000955,欣龙控股,1999-12-09,,1,1
sz.000956,中原油气,1999-11-10,2006-04-21,1,0
sz.000957,中通客车,2000-01-13,,1,1
sz.000958,电投产融,1999-12-23,,1,1
sz.000959,首钢股份,1999-12-16,,1,1
sz.000960,锡业股份,2000-02-21,,1,1
sz.000961,中南建设,2000-03-01,,1,1
sz.000962,东方钽业,2000-01-20,,1,1
sz.000963,华东医药,2000-01-27,,1,1
sz.000965,天保基建,2000-04-06,,1,1
sz.000966,长源电力,2000-03-16,,1,1
sz.000967,盈峰环境,2000-03-30,,1,1
sz.000968,蓝焰控股,2000-06-22,,1,1
sz.000969,安泰科技,2000-05-29,,1,1
sz.000970,中科三环,2000-04-20,,1,1
sz.000971,ST高升,2000-04-27,,1,1
sz.000972,ST中基,2000-09-26,,1,1
sz.000973,佛塑科技,2000-05-25,,1,1
sz.000975,银泰黄金,2000-06-08,,1,1
sz.000976,华铁股份,2000-06-01,,1,1
sz.000977,浪潮信息,2000-06-08,,1,1
sz.000978,桂林旅游,2000-05-18,,1,1
sz.000979,中弘退,2000-06-16,2018-12-28,1,0
sz.000980,众泰汽车,2000-06-16,,1,1
sz.000981,山子股份,2000-06-22,,1,1
sz.000982,中银绒业,2000-07-06,,1,1
sz.000983,山西焦煤,2000-07-26,,1,1
sz.000985,大庆华科,2000-07-26,,1,1
sz.000987,越秀资本,2000-07-18,,1,1
sz.000988,华工科技,2000-06-08,,1,1
sz.000989,九芝堂,2000-06-28,,1,1
sz.000990,诚志股份,2000-07-06,,1,1
sz.000993,闽东电力,2000-07-31,,1,1
sz.000995,*ST皇台,2000-08-07,,1,1
sz.000996,中国中期,2000-07-18,,1,1
sz.000997,新大陆,2000-08-07,,1,1
sz.000998,隆平高科,2000-12-11,,1,1
sz.000999,华润三九,2000-03-09,,1,1
sz.001201,东瑞股份,2021-04-28,,1,1
sz.001202,炬申股份,2021-04-29,,1,1
sz.001203,大中矿业,2021-05-10,,1,1
sz.001205,盛航股份,2021-05-13,,1,1
sz.001206,依依股份,2021-05-18,,1,1
sz.001207,联科科技,2021-06-23,,1,1
sz.001208,华菱线缆,2021-06-24,,1,1
sz.001209,洪兴股份,2021-07-23,,1,1
sz.001210,金房节能,2021-07-29,,1,1
sz.001211,双枪科技,2021-08-05,,1,1
sz.001212,中旗新材,2021-08-23,,1,1
sz.001213,中铁特货,2021-09-08,,1,1
sz.001215,千味央厨,2021-09-06,,1,1
sz.001216,华瓷股份,2021-10-19,,1,1
sz.001217,华尔泰,2021-09-29,,1,1
sz.001218,丽臣实业,2021-10-15,,1,1
sz.001219,青岛食品,2021-10-21,,1,1
sz.001222,源飞宠物,2022-08-18,,1,1
sz.001223,欧克科技,2022-12-12,,1,1
sz.001225,和泰机电,2023-02-22,,1,1
sz.001226,拓山重工,2022-06-22,,1,1
sz.001227,兰州银行,2022-01-17,,1,1
sz.001228,永泰运,2022-04-29,,1,1
sz.001229,魅视科技,2022-08-08,,1,1
sz.001230,劲旅环境,2022-07-15,,1,1
sz.001231,农心科技,2022-08-19,,1,1
sz.001234,泰慕士,2022-01-11,,1,1
sz.001236,弘业期货,2022-08-05,,1,1
sz.001238,浙江正特,2022-09-19,,1,1
sz.001255,博菲电气,2022-09-30,,1,1
sz.001256,炜冈科技,2022-12-05,,1,1
sz.001258,立新能源,2022-07-27,,1,1
sz.001259,利仁科技,2022-08-31,,1,1
sz.001260,坤泰股份,2023-02-16,,1,1
sz.001266,宏英智能,2022-02-28,,1,1
sz.001267,汇绿生态,2021-11-17,,1,1
sz.001268,联合精密,2022-06-30,,1,1
sz.001269,欧晶科技,2022-09-30,,1,1
sz.001270,铖昌科技,2022-06-06,,1,1
sz.001283,豪鹏科技,2022-09-05,,1,1
sz.001288,运机集团,2021-11-01,,1,1
sz.001289,龙源电力,2022-01-24,,1,1
sz.001296,长江材料,2021-12-24,,1,1
sz.001298,好上好,2022-10-31,,1,1
sz.001299,美能能源,2022-10-31,,1,1
sz.001300,三柏硕,2022-10-19,,1,1
sz.001301,尚太科技,2022-12-28,,1,1
sz.001308,康冠科技,2022-03-18,,1,1
sz.001309,德明利,2022-07-01,,1,1
sz.001311,多利科技,2023-02-27,,1,1
sz.001313,粤海饲料,2022-02-16,,1,1
sz.001314,亿道信息,2023-02-14,,1,1
sz.001316,润贝航科,2022-06-24,,1,1
sz.001317,三羊马,2021-11-30,,1,1
sz.001318,阳光乳业,2022-05-20,,1,1
sz.001319,铭科精技,2022-05-12,,1,1
sz.001322,箭牌家居,2022-10-26,,1,1
sz.001323,慕思股份,2022-06-23,,1,1
sz.001330,博纳影业,2022-08-18,,1,1
sz.001331,胜通能源,2022-09-08,,1,1
sz.001332,锡装股份,2022-09-20,,1,1
sz.001333,光华股份,2022-12-08,,1,1
sz.001336,楚环科技,2022-07-25,,1,1
sz.001337,四川黄金,2023-03-03,,1,1
sz.001338,永顺泰,2022-11-16,,1,1
sz.001339,智微智能,2022-08-15,,1,1
sz.001696,宗申动力,1997-03-06,,1,1
sz.001872,招商港口,1993-05-05,,1,1
sz.001896,豫能控股,1998-01-22,,1,1
sz.001914,招商积余,1994-09-28,,1,1
sz.001965,招商公路,2017-12-25,,1,1
sz.001979,招商蛇口,2015-12-30,,1,1
sz.002001,新和成,2004-06-25,,1,1
sz.002002,鸿达兴业,2004-06-25,,1,1
sz.002003,伟星股份,2004-06-25,,1,1
sz.002004,华邦健康,2004-06-25,,1,1
sz.002005,ST德豪,2004-06-25,,1,1
sz.002006,精功科技,2004-06-25,,1,1
sz.002007,华兰生物,2004-06-25,,1,1
sz.002008,大族激光,2004-06-25,,1,1
sz.002009,天奇股份,2004-06-29,,1,1
sz.002010,传化智联,2004-06-29,,1,1
sz.002011,盾安环境,2004-07-05,,1,1
sz.002012,凯恩股份,2004-07-05,,1,1
sz.002013,中航机电,2004-07-05,,1,1
sz.002014,永新股份,2004-07-08,,1,1
sz.002015,协鑫能科,2004-07-08,,1,1
sz.002016,世荣兆业,2004-07-08,,1,1
sz.002017,东信和平,2004-07-13,,1,1
sz.002018,华信退,2004-07-13,2019-11-01,1,0
sz.002019,亿帆医药,2004-07-13,,1,1
sz.002020,京新药业,2004-07-15,,1,1
sz.002021,ST中捷,2004-07-15,,1,1
sz.002022,*ST科华,2004-07-21,,1,1
sz.002023,海特高新,2004-07-21,,1,1
sz.002024,ST易购,2004-07-21,,1,1
sz.002025,航天电器,2004-07-26,,1,1
sz.002026,山东威达,2004-07-27,,1,1
sz.002027,分众传媒,2004-08-04,,1,1
sz.002028,思源电气,2004-08-05,,1,1
sz.002029,七匹狼,2004-08-06,,1,1
sz.002030,达安基因,2004-08-09,,1,1
sz.002031,巨轮智能,2004-08-16,,1,1
sz.002032,苏泊尔,2004-08-17,,1,1
sz.002033,丽江股份,2004-08-25,,1,1
sz.002034,旺能环境,2004-08-26,,1,1
sz.002035,华帝股份,2004-09-01,,1,1
sz.002036,联创电子,2004-09-03,,1,1
sz.002037,保利联合,2004-09-08,,1,1
sz.002038,双鹭药业,2004-09-09,,1,1
sz.002039,黔源电力,2005-03-03,,1,1
sz.002040,南京港,2005-03-25,,1,1
sz.002041,登海种业,2005-04-18,,1,1
sz.002042,华孚时尚,2005-04-27,,1,1
sz.002043,兔宝宝,2005-05-10,,1,1
sz.002044,美年健康,2005-05-18,,1,1
sz.002045,国光电器,2005-05-23,,1,1
sz.002046,国机精工,2005-05-26,,1,1
sz.002047,宝鹰股份,2005-05-31,,1,1
sz.002048,宁波华翔,2005-06-03,,1,1
sz.002049,紫光国微,2005-06-06,,1,1
sz.002050,三花智控,2005-06-07,,1,1
sz.002051,中工国际,2006-06-19,,1,1
sz.002052,*ST同洲,2006-06-27,,1,1
sz.002053,云南能投,2006-06-27,,1,1
sz.002054,德美化工,2006-07-25,,1,1
sz.002055,得润电子,2006-07-25,,1,1
sz.002056,横店东磁,2006-08-02,,1,1
sz.002057,中钢天源,2006-08-02,,1,1
sz.002058,威尔泰,2006-08-02,,1,1
sz.002059,云南旅游,2006-08-10,,1,1
sz.002060,粤水电,2006-08-10,,1,1
sz.002061,浙江交科,2006-08-16,,1,1
sz.002062,宏润建设,2006-08-16,,1,1
sz.002063,远光软件,2006-08-23,,1,1
sz.002064,华峰化学,2006-08-23,,1,1
sz.002065,东华软件,2006-08-23,,1,1
sz.002066,瑞泰科技,2006-08-23,,1,1
sz.002067,景兴纸业,2006-09-15,,1,1
sz.002068,黑猫股份,2006-09-15,,1,1
sz.002069,ST獐子岛,2006-09-28,,1,1
sz.002070,众和退,2006-10-12,2019-07-09,1,0
sz.002071,长城退,2006-10-12,2021-05-07,1,0
sz.002072,凯瑞德,2006-10-18,,1,1
sz.002073,软控股份,2006-10-18,,1,1
sz.002074,国轩高科,2006-10-18,,1,1
sz.002075,沙钢股份,2006-10-25,,1,1
sz.002076,*ST雪莱,2006-10-25,,1,1
sz.002077,大港股份,2006-11-16,,1,1
sz.002078,太阳纸业,2006-11-16,,1,1
sz.002079,苏州固锝,2006-11-16,,1,1
sz.002080,中材科技,2006-11-20,,1,1
sz.002081,金螳螂,2006-11-20,,1,1
sz.002082,万邦德,2006-11-20,,1,1
sz.002083,孚日股份,2006-11-24,,1,1
sz.002084,海鸥住工,2006-11-24,,1,1
sz.002085,万丰奥威,2006-11-28,,1,1
sz.002086,ST东洋,2006-11-28,,1,1
sz.002087,新野纺织,2006-11-30,,1,1
sz.002088,鲁阳节能,2006-11-30,,1,1
sz.002089,*ST新海,2006-11-30,,1,1
sz.002090,金智科技,2006-12-08,,1,1
sz.002091,江苏国泰,2006-12-08,,1,1
sz.002092,中泰化学,2006-12-08,,1,1
sz.002093,国脉科技,2006-12-15,,1,1
sz.002094,青岛金王,2006-12-15,,1,1
sz.002095,生意宝,2006-12-15,,1,1
sz.002096,南岭民爆,2006-12-22,,1,1
sz.002097,山河智能,2006-12-22,,1,1
sz.002098,浔兴股份,2006-12-22,,1,1
sz.002099,海翔药业,2006-12-26,,1,1
sz.002100,天康生物,2006-12-26,,1,1
sz.002101,广东鸿图,2006-12-29,,1,1
sz.002102,ST冠福,2006-12-29,,1,1
sz.002103,广博股份,2007-01-10,,1,1
sz.002104,恒宝股份,2007-01-10,,1,1
sz.002105,信隆健康,2007-01-12,,1,1
sz.002106,莱宝高科,2007-01-12,,1,1
sz.002107,沃华医药,2007-01-24,,1,1
sz.002108,沧州明珠,2007-01-24,,1,1
sz.002109,兴化股份,2007-01-26,,1,1
sz.002110,三钢闽光,2007-01-26,,1,1
sz.002111,威海广泰,2007-01-26,,1,1
sz.002112,三变科技,2007-02-08,,1,1
sz.002113,ST天润,2007-02-08,,1,1
sz.002114,罗平锌电,2007-02-15,,1,1
sz.002115,三维通信,2007-02-15,,1,1
sz.002116,中国海诚,2007-02-15,,1,1
sz.002117,东港股份,2007-03-02,,1,1
sz.002118,紫鑫药业,2007-03-02,,1,1
sz.002119,康强电子,2007-03-02,,1,1
sz.002120,韵达股份,2007-03-06,,1,1
sz.002121,科陆电子,2007-03-06,,1,1
sz.002122,天马股份,2007-03-28,,1,1
sz.002123,梦网科技,2007-03-28,,1,1
sz.002124,天邦食品,2007-04-03,,1,1
sz.002125,湘潭电化,2007-04-03,,1,1
sz.002126,银轮股份,2007-04-18,,1,1
sz.002127,南极电商,2007-04-18,,1,1
sz.002128,电投能源,2007-04-18,,1,1
sz.002129,TCL中环,2007-04-20,,1,1
sz.002130,沃尔核材,2007-04-20,,1,1
sz.002131,利欧股份,2007-04-27,,1,1
sz.002132,恒星科技,2007-04-27,,1,1
sz.002133,广宇集团,2007-04-27,,1,1
sz.002134,天津普林,2007-05-16,,1,1
sz.002135,东南网架,2007-05-30,,1,1
sz.002136,安纳达,2007-05-30,,1,1
sz.002137,实益达,2007-06-13,,1,1
sz.002138,顺络电子,2007-06-13,,1,1
sz.002139,拓邦股份,2007-06-29,,1,1
sz.002140,东华科技,2007-07-12,,1,1
sz.002141,贤丰控股,2007-07-20,,1,1
sz.002142,宁波银行,2007-07-19,,1,1
sz.002143,印纪退,2007-07-20,2019-11-29,1,0
sz.002144,宏达高科,2007-08-03,,1,1
sz.002145,中核钛白,2007-08-03,,1,1
sz.002146,荣盛发展,2007-08-08,,1,1
sz.002147,新光退,2007-08-08,2022-06-23,1,0
sz.002148,北纬科技,2007-08-10,,1,1
sz.002149,西部材料,2007-08-10,,1,1
sz.002150,通润装备,2007-08-10,,1,1
sz.002151,北斗星通,2007-08-13,,1,1
sz.002152,广电运通,2007-08-13,,1,1
sz.002153,石基信息,2007-08-13,,1,1
sz.002154,报喜鸟,2007-08-16,,1,1
sz.002155,湖南黄金,2007-08-16,,1,1
sz.002156,通富微电,2007-08-16,,1,1
sz.002157,正邦科技,2007-08-17,,1,1
sz.002158,汉钟精机,2007-08-17,,1,1
sz.002159,三特索道,2007-08-17,,1,1
sz.002160,常铝股份,2007-08-21,,1,1
sz.002161,远望谷,2007-08-21,,1,1
sz.002162,悦心健康,2007-08-23,,1,1
sz.002163,海南发展,2007-08-23,,1,1
sz.002164,宁波东力,2007-08-23,,1,1
sz.002165,红宝丽,2007-09-13,,1,1
sz.002166,莱茵生物,2007-09-13,,1,1
sz.002167,东方锆业,2007-09-13,,1,1
sz.002168,惠程科技,2007-09-19,,1,1
sz.002169,智光电气,2007-09-19,,1,1
sz.002170,芭田股份,2007-09-19,,1,1
sz.002171,楚江新材,2007-09-21,,1,1
sz.002172,澳洋健康,2007-09-21,,1,1
sz.002173,创新医疗,2007-09-25,,1,1
sz.002174,游族网络,2007-09-25,,1,1
sz.002175,东方智造,2007-10-12,,1,1
sz.002176,江特电机,2007-10-12,,1,1
sz.002177,*ST御银,2007-11-01,,1,1
sz.002178,延华智能,2007-11-01,,1,1
sz.002179,中航光电,2007-11-01,,1,1
sz.002180,纳思达,2007-11-13,,1,1
sz.002181,粤传媒,2007-11-16,,1,1
sz.002182,云海金属,2007-11-13,,1,1
sz.002183,怡亚通,2007-11-13,,1,1
sz.002184,海得控制,2007-11-16,,1,1
sz.002185,华天科技,2007-11-20,,1,1
sz.002186,全聚德,2007-11-20,,1,1
sz.002187,广百股份,2007-11-22,,1,1
sz.002188,中天服务,2007-11-22,,1,1
sz.002189,中光学,2007-12-03,,1,1
sz.002190,成飞集成,2007-12-03,,1,1
sz.002191,劲嘉股份,2007-12-05,,1,1
sz.002192,融捷股份,2007-12-05,,1,1
sz.002193,如意集团,2007-12-07,,1,1
sz.002194,武汉凡谷,2007-12-07,,1,1
sz.002195,二三四五,2007-12-12,,1,1
sz.002196,方正电机,2007-12-12,,1,1
sz.002197,证通电子,2007-12-18,,1,1
sz.002198,嘉应制药,2007-12-18,,1,1
sz.002199,东晶电子,2007-12-21,,1,1
sz.002200,ST交投,2007-12-21,,1,1
sz.002201,正威新材,2007-12-26,,1,1
sz.002202,金风科技,2007-12-26,,1,1
sz.002203,海亮股份,2008-01-16,,1,1
sz.002204,大连重工,2008-01-16,,1,1
sz.002205,国统股份,2008-01-23,,1,1
sz.002206,海利得,2008-01-23,,1,1
sz.002207,准油股份,2008-01-28,,1,1
sz.002208,合肥城建,2008-01-28,,1,1
sz.002209,达意隆,2008-01-30,,1,1
sz.002210,飞马国际,2008-01-30,,1,1
sz.002211,ST宏达,2008-02-01,,1,1
sz.002212,天融信,2008-02-01,,1,1
sz.002213,大为股份,2008-02-01,,1,1
sz.002214,大立科技,2008-02-18,,1,1
sz.002215,诺普信,2008-02-18,,1,1
sz.002216,三全食品,2008-02-20,,1,1
sz.002217,合力泰,2008-02-20,,1,1
sz.002218,拓日新能,2008-02-28,,1,1
sz.002219,新里程,2008-03-06,,1,1
sz.002220,天宝退,2008-02-28,2020-08-11,1,0
sz.002221,东华能源,2008-03-06,,1,1
sz.002222,福晶科技,2008-03-19,,1,1
sz.002223,鱼跃医疗,2008-04-18,,1,1
sz.002224,三力士,2008-04-25,,1,1
sz.002225,濮耐股份,2008-04-25,,1,1
sz.002226,江南化工,2008-05-06,,1,1
sz.002227,奥特迅,2008-05-06,,1,1
sz.002228,合兴包装,2008-05-08,,1,1
sz.002229,鸿博股份,2008-05-08,,1,1
sz.002230,科大讯飞,2008-05-12,,1,1
sz.002231,奥维通信,2008-05-12,,1,1
sz.002232,启明信息,2008-05-09,,1,1
sz.002233,塔牌集团,2008-05-16,,1,1
sz.002234,民和股份,2008-05-16,,1,1
sz.002235,安妮股份,2008-05-16,,1,1
sz.002236,大华股份,2008-05-20,,1,1
sz.002237,恒邦股份,2008-05-20,,1,1
sz.002238,天威视讯,2008-05-26,,1,1
sz.002239,奥特佳,2008-05-22,,1,1
sz.002240,盛新锂能,2008-05-23,,1,1
sz.002241,歌尔股份,2008-05-22,,1,1
sz.002242,九阳股份,2008-05-28,,1,1
sz.002243,力合科创,2008-05-28,,1,1
sz.002244,滨江集团,2008-05-29,,1,1
sz.002245,蔚蓝锂芯,2008-06-05,,1,1
sz.002246,北化股份,2008-06-05,,1,1
sz.002247,聚力文化,2008-06-12,,1,1
sz.002248,华东数控,2008-06-12,,1,1
sz.002249,大洋电机,2008-06-19,,1,1
sz.002250,联化科技,2008-06-19,,1,1
sz.002251,步步高,2008-06-19,,1,1
sz.002252,上海莱士,2008-06-23,,1,1
sz.002253,川大智胜,2008-06-23,,1,1
sz.002254,泰和新材,2008-06-25,,1,1
sz.002255,海陆重工,2008-06-25,,1,1
sz.002256,兆新股份,2008-06-25,,1,1
sz.002258,利尔化学,2008-07-08,,1,1
sz.002259,ST升达,2008-07-16,,1,1
sz.002260,德奥退,2008-07-16,2022-06-17,1,0
sz.002261,拓维信息,2008-07-23,,1,1
sz.002262,恩华药业,2008-07-23,,1,1
sz.002263,大东南,2008-07-28,,1,1
sz.002264,新华都,2008-07-31,,1,1
sz.002265,西仪股份,2008-08-06,,1,1
sz.002266,浙富控股,2008-08-06,,1,1
sz.002267,陕天然气,2008-08-13,,1,1
sz.002268,电科网安,2008-08-11,,1,1
sz.002269,美邦服饰,2008-08-28,,1,1
sz.002270,华明装备,2008-09-05,,1,1
sz.002271,东方雨虹,2008-09-10,,1,1
sz.002272,川润股份,2008-09-19,,1,1
sz.002273,水晶光电,2008-09-19,,1,1
sz.002274,华昌化工,2008-09-25,,1,1
sz.002275,桂林三金,2009-07-10,,1,1
sz.002276,万马股份,2009-07-10,,1,1
sz.002277,友阿股份,2009-07-17,,1,1
sz.002278,神开股份,2009-08-11,,1,1
sz.002279,久其软件,2009-08-11,,1,1
sz.002280,联络互动,2009-08-21,,1,1
sz.002281,光迅科技,2009-08-21,,1,1
sz.002282,博深股份,2009-08-21,,1,1
sz.002283,天润工业,2009-08-21,,1,1
sz.002284,亚太股份,2009-08-28,,1,1
sz.002285,世联行,2009-08-28,,1,1
sz.002286,保龄宝,2009-08-28,,1,1
sz.002287,奇正藏药,2009-08-28,,1,1
sz.002288,超华科技,2009-09-03,,1,1
sz.002289,宇顺电子,2009-09-03,,1,1
sz.002290,禾盛新材,2009-09-03,,1,1
sz.002291,遥望科技,2009-09-03,,1,1
sz.002292,奥飞娱乐,2009-09-10,,1,1
sz.002293,罗莱生活,2009-09-10,,1,1
sz.002294,信立泰,2009-09-10,,1,1
sz.002295,精艺股份,2009-09-29,,1,1
sz.002296,辉煌科技,2009-09-29,,1,1
sz.002297,博云新材,2009-09-29,,1,1
sz.002298,中电兴发,2009-09-29,,1,1
sz.002299,圣农发展,2009-10-21,,1,1
sz.002300,太阳电缆,2009-10-21,,1,1
sz.002301,齐心集团,2009-10-21,,1,1
sz.002302,西部建设,2009-11-03,,1,1
sz.002303,美盈森,2009-11-03,,1,1
sz.002304,洋河股份,2009-11-06,,1,1
sz.002305,南国置业,2009-11-06,,1,1
sz.002306,中科云网,2009-11-11,,1,1
sz.002307,北新路桥,2009-11-11,,1,1
sz.002308,威创股份,2009-11-27,,1,1
sz.002309,ST中利,2009-11-27,,1,1
sz.002310,东方园林,2009-11-27,,1,1
sz.002311,海大集团,2009-11-27,,1,1
sz.002312,川发龙蟒,2009-12-03,,1,1
sz.002313,*ST日海,2009-12-03,,1,1
sz.002314,南山控股,2009-12-03,,1,1
sz.002315,焦点科技,2009-12-09,,1,1
sz.002316,*ST亚联,2009-12-09,,1,1
sz.002317,众生药业,2009-12-11,,1,1
sz.002318,久立特材,2009-12-11,,1,1
sz.002319,乐通股份,2009-12-11,,1,1
sz.002320,海峡股份,2009-12-16,,1,1
sz.002321,ST华英,2009-12-16,,1,1
sz.002322,理工能科,2009-12-18,,1,1
sz.002323,雅博股份,2009-12-18,,1,1
sz.002324,普利特,2009-12-18,,1,1
sz.002325,洪涛股份,2009-12-22,,1,1
sz.002326,永太科技,2009-12-22,,1,1
sz.002327,富安娜,2009-12-30,,1,1
sz.002328,新朋股份,2009-12-30,,1,1
sz.002329,皇氏集团,2010-01-06,,1,1
sz.002330,得利斯,2010-01-06,,1,1
sz.002331,皖通科技,2010-01-06,,1,1
sz.002332,仙琚制药,2010-01-12,,1,1
sz.002333,罗普斯金,2010-01-12,,1,1
sz.002334,英威腾,2010-01-13,,1,1
sz.002335,科华数据,2010-01-13,,1,1
sz.002336,人人乐,2010-01-13,,1,1
sz.002337,赛象科技,2010-01-15,,1,1
sz.002338,奥普光电,2010-01-15,,1,1
sz.002339,积成电子,2010-01-22,,1,1
sz.002340,格林美,2010-01-22,,1,1
sz.002341,新纶新材,2010-01-22,,1,1
sz.002342,巨力索具,2010-01-26,,1,1
sz.002343,慈文传媒,2010-01-26,,1,1
sz.002344,海宁皮城,2010-01-26,,1,1
sz.002345,潮宏基,2010-01-28,,1,1
sz.002346,柘中股份,2010-01-28,,1,1
sz.002347,泰尔股份,2010-01-28,,1,1
sz.002348,高乐股份,2010-02-03,,1,1
sz.002349,精华制药,2010-02-03,,1,1
sz.002350,北京科锐,2010-02-03,,1,1
sz.002351,漫步者,2010-02-05,,1,1
sz.002352,顺丰控股,2010-02-05,,1,1
sz.002353,杰瑞股份,2010-02-05,,1,1
sz.002354,天娱数科,2010-02-09,,1,1
sz.002355,兴民智通,2010-02-09,,1,1
sz.002356,赫美集团,2010-02-09,,1,1
sz.002357,富临运业,2010-02-10,,1,1
sz.002358,ST森源,2010-02-10,,1,1
sz.002359,北讯退,2010-02-10,2021-07-23,1,0
sz.002360,同德化工,2010-03-03,,1,1
sz.002361,神剑股份,2010-03-03,,1,1
sz.002362,汉王科技,2010-03-03,,1,1
sz.002363,隆基机械,2010-03-05,,1,1
sz.002364,中恒电气,2010-03-05,,1,1
sz.002365,永安药业,2010-03-05,,1,1
sz.002366,*ST海核,2010-03-12,,1,1
sz.002367,康力电梯,2010-03-12,,1,1
sz.002368,太极股份,2010-03-12,,1,1
sz.002369,卓翼科技,2010-03-16,,1,1
sz.002370,亚太药业,2010-03-16,,1,1
sz.002371,北方华创,2010-03-16,,1,1
sz.002372,伟星新材,2010-03-18,,1,1
sz.002373,千方科技,2010-03-18,,1,1
sz.002374,中锐股份,2010-03-18,,1,1
sz.002375,亚厦股份,2010-03-23,,1,1
sz.002376,新北洋,2010-03-23,,1,1
sz.002377,国创高新,2010-03-23,,1,1
sz.002378,章源钨业,2010-03-31,,1,1
sz.002379,宏创控股,2010-03-31,,1,1
sz.002380,科远智慧,2010-03-31,,1,1
sz.002381,双箭股份,2010-04-02,,1,1
sz.002382,蓝帆医疗,2010-04-02,,1,1
sz.002383,合众思壮,2010-04-02,,1,1
sz.002384,东山精密,2010-04-09,,1,1
sz.002385,大北农,2010-04-09,,1,1
sz.002386,天原股份,2010-04-09,,1,1
sz.002387,维信诺,2010-04-13,,1,1
sz.002388,新亚制程,2010-04-13,,1,1
sz.002389,航天彩虹,2010-04-13,,1,1
sz.002390,信邦制药,2010-04-16,,1,1
sz.002391,长青股份,2010-04-16,,1,1
sz.002392,北京利尔,2010-04-23,,1,1
sz.002393,力生制药,2010-04-23,,1,1
sz.002394,联发股份,2010-04-23,,1,1
sz.002395,双象股份,2010-04-29,,1,1
sz.002396,星网锐捷,2010-06-23,,1,1
sz.002397,梦洁股份,2010-04-29,,1,1
sz.002398,垒知集团,2010-05-06,,1,1
sz.002399,海普瑞,2010-05-06,,1,1
sz.002400,省广集团,2010-05-06,,1,1
sz.002401,中远海科,2010-05-06,,1,1
sz.002402,和而泰,2010-05-11,,1,1
sz.002403,爱仕达,2010-05-11,,1,1
sz.002404,嘉欣丝绸,2010-05-11,,1,1
sz.002405,四维图新,2010-05-18,,1,1
sz.002406,远东传动,2010-05-18,,1,1
sz.002407,多氟多,2010-05-18,,1,1
sz.002408,齐翔腾达,2010-05-18,,1,1
sz.002409,雅克科技,2010-05-25,,1,1
sz.002410,广联达,2010-05-25,,1,1
sz.002411,*ST必康,2010-05-25,,1,1
sz.002412,汉森制药,2010-05-25,,1,1
sz.002413,雷科防务,2010-05-28,,1,1
sz.002414,高德红外,2010-07-16,,1,1
sz.002415,海康威视,2010-05-28,,1,1
sz.002416,爱施德,2010-05-28,,1,1
sz.002417,*ST深南,2010-06-01,,1,1
sz.002418,康盛股份,2010-06-01,,1,1
sz.002419,天虹股份,2010-06-01,,1,1
sz.002420,毅昌科技,2010-06-01,,1,1
sz.002421,达实智能,2010-06-03,,1,1
sz.002422,科伦药业,2010-06-03,,1,1
sz.002423,中粮资本,2010-06-03,,1,1
sz.002424,贵州百灵,2010-06-03,,1,1
sz.002425,凯撒文化,2010-06-08,,1,1
sz.002426,胜利精密,2010-06-08,,1,1
sz.002427,*ST尤夫,2010-06-08,,1,1
sz.002428,云南锗业,2010-06-08,,1,1
sz.002429,兆驰股份,2010-06-10,,1,1
sz.002430,杭氧股份,2010-06-10,,1,1
sz.002431,棕榈股份,2010-06-10,,1,1
sz.002432,九安医疗,2010-06-10,,1,1
sz.002433,ST太安,2010-06-18,,1,1
sz.002434,万里扬,2010-06-18,,1,1
sz.002435,长江健康,2010-06-18,,1,1
sz.002436,兴森科技,2010-06-18,,1,1
sz.002437,誉衡药业,2010-06-23,,1,1
sz.002438,江苏神通,2010-06-23,,1,1
sz.002439,启明星辰,2010-06-23,,1,1
sz.002440,闰土股份,2010-07-06,,1,1
sz.002441,众业达,2010-07-06,,1,1
sz.002442,龙星化工,2010-07-06,,1,1
sz.002443,金洲管道,2010-07-06,,1,1
sz.002444,巨星科技,2010-07-13,,1,1
sz.002445,中南文化,2010-07-13,,1,1
sz.002446,盛路通信,2010-07-13,,1,1
sz.002447,晨鑫退,2010-07-13,2022-06-27,1,0
sz.002448,中原内配,2010-07-16,,1,1
sz.002449,国星光电,2010-07-16,,1,1
sz.002450,康得退,2010-07-16,2021-05-31,1,0
sz.002451,摩恩电气,2010-07-20,,1,1
sz.002452,长高电新,2010-07-20,,1,1
sz.002453,华软科技,2010-07-20,,1,1
sz.002454,松芝股份,2010-07-20,,1,1
sz.002455,百川股份,2010-08-03,,1,1
sz.002456,欧菲光,2010-08-03,,1,1
sz.002457,青龙管业,2010-08-03,,1,1
sz.002458,益生股份,2010-08-10,,1,1
sz.002459,晶澳科技,2010-08-10,,1,1
sz.002460,赣锋锂业,2010-08-10,,1,1
sz.002461,珠江啤酒,2010-08-18,,1,1
sz.002462,嘉事堂,2010-08-18,,1,1
sz.002463,沪电股份,2010-08-18,,1,1
sz.002464,众应退,2010-08-31,2022-06-28,1,0
sz.002465,海格通信,2010-08-31,,1,1
sz.002466,天齐锂业,2010-08-31,,1,1
sz.002467,二六三,2010-09-08,,1,1
sz.002468,申通快递,2010-09-08,,1,1
sz.002469,三维化学,2010-09-08,,1,1
sz.002470,ST金正,2010-09-08,,1,1
sz.002471,中超控股,2010-09-10,,1,1
sz.002472,双环传动,2010-09-10,,1,1
sz.002473,圣莱退,2010-09-10,2022-06-22,1,0
sz.002474,榕基软件,2010-09-15,,1,1
sz.002475,立讯精密,2010-09-15,,1,1
sz.002476,宝莫股份,2010-09-15,,1,1
sz.002477,雏鹰退,2010-09-15,2019-10-16,1,0
sz.002478,常宝股份,2010-09-21,,1,1
sz.002479,富春环保,2010-09-21,,1,1
sz.002480,新筑股份,2010-09-21,,1,1
sz.002481,双塔食品,2010-09-21,,1,1
sz.002482,ST广田,2010-09-29,,1,1
sz.002483,润邦股份,2010-09-29,,1,1
sz.002484,江海股份,2010-09-29,,1,1
sz.002485,*ST雪发,2010-10-15,,1,1
sz.002486,嘉麟杰,2010-10-15,,1,1
sz.002487,大金重工,2010-10-15,,1,1
sz.002488,金固股份,2010-10-21,,1,1
sz.002489,浙江永强,2010-10-21,,1,1
sz.002490,山东墨龙,2010-10-21,,1,1
sz.002491,通鼎互联,2010-10-21,,1,1
sz.002492,恒基达鑫,2010-11-02,,1,1
sz.002493,荣盛石化,2010-11-02,,1,1
sz.002494,华斯股份,2010-11-02,,1,1
sz.002495,佳隆股份,2010-11-02,,1,1
sz.002496,辉丰股份,2010-11-09,,1,1
sz.002497,雅化集团,2010-11-09,,1,1
sz.002498,汉缆股份,2010-11-09,,1,1
sz.002499,*ST科林,2010-11-09,,1,1
sz.002500,山西证券,2010-11-15,,1,1
sz.002501,利源精制,2010-11-17,,1,1
sz.002502,鼎龙文化,2010-11-17,,1,1
sz.002503,搜于特,2010-11-17,,1,1
sz.002504,ST弘高,2010-11-18,,1,1
sz.002505,鹏都农牧,2010-11-18,,1,1
sz.002506,协鑫集成,2010-11-18,,1,1
sz.002507,涪陵榨菜,2010-11-23,,1,1
sz.002508,老板电器,2010-11-23,,1,1
sz.002509,天茂退,2010-11-23,2020-07-20,1,0
sz.002510,天汽模,2010-11-25,,1,1
sz.002511,中顺洁柔,2010-11-25,,1,1
sz.002512,达华智能,2010-12-03,,1,1
sz.002513,蓝丰生化,2010-12-03,,1,1
sz.002514,宝馨科技,2010-12-03,,1,1
sz.002515,金字火腿,2010-12-03,,1,1
sz.002516,旷达科技,2010-12-07,,1,1
sz.002517,恺英网络,2010-12-07,,1,1
sz.002518,科士达,2010-12-07,,1,1
sz.002519,银河电子,2010-12-07,,1,1
sz.002520,日发精机,2010-12-10,,1,1
sz.002521,齐峰新材,2010-12-10,,1,1
sz.002522,浙江众成,2010-12-10,,1,1
sz.002523,天桥起重,2010-12-10,,1,1
sz.002524,光正眼科,2010-12-17,,1,1
sz.002526,山东矿机,2010-12-17,,1,1
sz.002527,新时达,2010-12-24,,1,1
sz.002528,英飞拓,2010-12-24,,1,1
sz.002529,海源复材,2010-12-24,,1,1
sz.002530,金财互联,2010-12-31,,1,1
sz.002531,天顺风能,2010-12-31,,1,1
sz.002532,天山铝业,2010-12-31,,1,1
sz.002533,金杯电工,2010-12-31,,1,1
sz.002534,西子洁能,2011-01-10,,1,1
sz.002535,ST林重,2011-01-11,,1,1
sz.002536,飞龙股份,2011-01-11,,1,1
sz.002537,海联金汇,2011-01-10,,1,1
sz.002538,司尔特,2011-01-18,,1,1
sz.002539,云图控股,2011-01-18,,1,1
sz.002540,亚太科技,2011-01-18,,1,1
sz.002541,鸿路钢构,2011-01-18,,1,1
sz.002542,中化岩土,2011-01-28,,1,1
sz.002543,万和电气,2011-01-28,,1,1
sz.002544,普天科技,2011-01-28,,1,1
sz.002545,东方铁塔,2011-02-11,,1,1
sz.002546,新联电子,2011-02-11,,1,1
sz.002547,春兴精工,2011-02-18,,1,1
sz.002548,金新农,2011-02-18,,1,1
sz.002549,凯美特气,2011-02-18,,1,1
sz.002550,千红制药,2011-02-18,,1,1
sz.002551,尚荣医疗,2011-02-25,,1,1
sz.002552,宝鼎科技,2011-02-25,,1,1
sz.002553,南方精工,2011-02-25,,1,1
sz.002554,惠博普,2011-02-25,,1,1
sz.002555,三七互娱,2011-03-02,,1,1
sz.002556,辉隆股份,2011-03-02,,1,1
sz.002557,洽洽食品,2011-03-02,,1,1
sz.002558,巨人网络,2011-03-02,,1,1
sz.002559,亚威股份,2011-03-03,,1,1
sz.002560,通达股份,2011-03-03,,1,1
sz.002561,徐家汇,2011-03-03,,1,1
sz.002562,兄弟科技,2011-03-10,,1,1
sz.002563,森马服饰,2011-03-11,,1,1
sz.002564,天沃科技,2011-03-10,,1,1
sz.002565,顺灏股份,2011-03-18,,1,1
sz.002566,益盛药业,2011-03-18,,1,1
sz.002567,唐人神,2011-03-25,,1,1
sz.002568,百润股份,2011-03-25,,1,1
sz.002569,ST步森,2011-04-12,,1,1
sz.002570,贝因美,2011-04-12,,1,1
sz.002571,德力股份,2011-04-12,,1,1
sz.002572,索菲亚,2011-04-12,,1,1
sz.002573,清新环境,2011-04-22,,1,1
sz.002574,明牌珠宝,2011-04-22,,1,1
sz.002575,群兴玩具,2011-04-22,,1,1
sz.002576,通达动力,2011-04-28,,1,1
sz.002577,雷柏科技,2011-04-28,,1,1
sz.002578,闽发铝业,2011-04-28,,1,1
sz.002579,中京电子,2011-05-06,,1,1
sz.002580,圣阳股份,2011-05-06,,1,1
sz.002581,未名医药,2011-05-20,,1,1
sz.002582,好想你,2011-05-20,,1,1
sz.002583,海能达,2011-05-27,,1,1
sz.002584,西陇科学,2011-06-02,,1,1
sz.002585,双星新材,2011-06-02,,1,1
sz.002586,ST围海,2011-06-02,,1,1
sz.002587,奥拓电子,2011-06-10,,1,1
sz.002588,史丹利,2011-06-10,,1,1
sz.002589,瑞康医药,2011-06-10,,1,1
sz.002590,万安科技,2011-06-10,,1,1
sz.002591,恒大高新,2011-06-21,,1,1
sz.002592,ST八菱,2011-11-11,,1,1
sz.002593,日上集团,2011-06-28,,1,1
sz.002594,比亚迪,2011-06-30,,1,1
sz.002595,豪迈科技,2011-06-28,,1,1
sz.002596,海南瑞泽,2011-07-07,,1,1
sz.002597,金禾实业,2011-07-07,,1,1
sz.002598,山东章鼓,2011-07-07,,1,1
sz.002599,盛通股份,2011-07-15,,1,1
sz.002600,领益智造,2011-07-15,,1,1
sz.002601,龙佰集团,2011-07-15,,1,1
sz.002602,世纪华通,2011-07-28,,1,1
sz.002603,以岭药业,2011-07-28,,1,1
sz.002604,龙力退,2011-07-28,2020-07-15,1,0
sz.002605,姚记科技,2011-08-05,,1,1
sz.002606,大连电瓷,2011-08-05,,1,1
sz.002607,中公教育,2011-08-10,,1,1
sz.002608,江苏国信,2011-08-10,,1,1
sz.002609,捷顺科技,2011-08-15,,1,1
sz.002610,爱康科技,2011-08-15,,1,1
sz.002611,东方精工,2011-08-30,,1,1
sz.002612,朗姿股份,2011-08-30,,1,1
sz.002613,北玻股份,2011-08-30,,1,1
sz.002614,奥佳华,2011-09-09,,1,1
sz.002615,哈尔斯,2011-09-09,,1,1
sz.002616,长青集团,2011-09-20,,1,1
sz.002617,露笑科技,2011-09-20,,1,1
sz.002618,丹邦退,2011-09-20,2022-06-22,1,0
sz.002619,*ST艾格,2011-09-29,2022-04-28,1,0
sz.002620,瑞和股份,2011-09-29,,1,1
sz.002621,美吉姆,2011-09-29,,1,1
sz.002622,皓宸医疗,2011-10-18,,1,1
sz.002623,亚玛顿,2011-10-13,,1,1
sz.002624,完美世界,2011-10-28,,1,1
sz.002625,光启技术,2011-11-03,,1,1
sz.002626,金达威,2011-10-28,,1,1
sz.002627,三峡旅游,2011-11-03,,1,1
sz.002628,成都路桥,2011-11-03,,1,1
sz.002629,仁智股份,2011-11-03,,1,1
sz.002630,华西能源,2011-11-11,,1,1
sz.002631,德尔未来,2011-11-11,,1,1
sz.002632,道明光学,2011-11-22,,1,1
sz.002633,申科股份,2011-11-22,,1,1
sz.002634,棒杰股份,2011-12-05,,1,1
sz.002635,安洁科技,2011-11-25,,1,1
sz.002636,金安国纪,2011-11-25,,1,1
sz.002637,赞宇科技,2011-11-25,,1,1
sz.002638,勤上股份,2011-11-25,,1,1
sz.002639,雪人股份,2011-12-05,,1,1
sz.002640,跨境通,2011-12-08,,1,1
sz.002641,公元股份,2011-12-08,,1,1
sz.002642,荣联科技,2011-12-20,,1,1
sz.002643,万润股份,2011-12-20,,1,1
sz.002644,佛慈制药,2011-12-22,,1,1
sz.002645,华宏科技,2011-12-20,,1,1
sz.002646,天佑德酒,2011-12-22,,1,1
sz.002647,仁东控股,2011-12-28,,1,1
sz.002648,卫星化学,2011-12-28,,1,1
sz.002649,博彦科技,2012-01-06,,1,1
sz.002650,加加食品,2012-01-06,,1,1
sz.002651,利君股份,2012-01-06,,1,1
sz.002652,扬子新材,2012-01-19,,1,1
sz.002653,海思科,2012-01-17,,1,1
sz.002654,万润科技,2012-02-17,,1,1
sz.002655,共达电声,2012-02-17,,1,1
sz.002656,ST摩登,2012-02-28,,1,1
sz.002657,中科金财,2012-02-28,,1,1
sz.002658,雪迪龙,2012-03-09,,1,1
sz.002659,凯文教育,2012-03-09,,1,1
sz.002660,茂硕电源,2012-03-16,,1,1
sz.002661,克明食品,2012-03-16,,1,1
sz.002662,京威股份,2012-03-09,,1,1
sz.002663,普邦股份,2012-03-16,,1,1
sz.002664,信质集团,2012-03-16,,1,1
sz.002665,首航高科,2012-03-27,,1,1
sz.002666,德联集团,2012-03-27,,1,1
sz.002667,鞍重股份,2012-03-29,,1,1
sz.002668,奥马电器,2012-04-16,,1,1
sz.002669,康达新材,2012-04-16,,1,1
sz.002670,国盛金控,2012-04-16,,1,1
sz.002671,龙泉股份,2012-04-26,,1,1
sz.002672,东江环保,2012-04-26,,1,1
sz.002673,西部证券,2012-05-03,,1,1
sz.002674,兴业科技,2012-05-07,,1,1
sz.002675,东诚药业,2012-05-25,,1,1
sz.002676,顺威股份,2012-05-25,,1,1
sz.002677,浙江美大,2012-05-25,,1,1
sz.002678,珠江钢琴,2012-05-30,,1,1
sz.002679,福建金森,2012-06-05,,1,1
sz.002680,长生退,2012-06-05,2019-11-27,1,0
sz.002681,奋达科技,2012-06-05,,1,1
sz.002682,龙洲股份,2012-06-12,,1,1
sz.002683,广东宏大,2012-06-12,,1,1
sz.002684,猛狮退,2012-06-12,2022-06-27,1,0
sz.002685,华东重机,2012-06-12,,1,1
sz.002686,亿利达,2012-07-03,,1,1
sz.002687,乔治白,2012-07-13,,1,1
sz.002688,金河生物,2012-07-13,,1,1
sz.002689,远大智能,2012-07-17,,1,1
sz.002690,美亚光电,2012-07-31,,1,1
sz.002691,冀凯股份,2012-07-31,,1,1
sz.002692,ST远程,2012-08-08,,1,1
sz.002693,双成药业,2012-08-08,,1,1
sz.002694,顾地科技,2012-08-16,,1,1
sz.002695,煌上煌,2012-09-05,,1,1
sz.002696,百洋股份,2012-09-05,,1,1
sz.002697,红旗连锁,2012-09-05,,1,1
sz.002698,博实股份,2012-09-11,,1,1
sz.002699,ST美盛,2012-09-11,,1,1
sz.002700,ST浩源,2012-09-21,,1,1
sz.002701,奥瑞金,2012-10-11,,1,1
sz.002702,海欣食品,2012-10-11,,1,1
sz.002703,浙江世宝,2012-11-02,,1,1
sz.002705,新宝股份,2014-01-21,,1,1
sz.002706,良信股份,2014-01-21,,1,1
sz.002707,众信旅游,2014-01-23,,1,1
sz.002708,光洋股份,2014-01-21,,1,1
sz.002709,天赐材料,2014-01-23,,1,1
sz.002711,欧浦退,2014-01-27,2021-07-15,1,0
sz.002712,思美传媒,2014-01-23,,1,1
sz.002713,东易日盛,2014-02-19,,1,1
sz.002714,牧原股份,2014-01-28,,1,1
sz.002715,登云股份,2014-02-19,,1,1
sz.002716,金贵银业,2014-01-28,,1,1
sz.002717,岭南股份,2014-02-19,,1,1
sz.002718,友邦吊顶,2014-01-28,,1,1
sz.002719,麦趣尔,2014-01-28,,1,1
sz.002721,金一文化,2014-01-27,,1,1
sz.002722,物产金轮,2014-01-28,,1,1
sz.002723,小崧股份,2014-01-29,,1,1
sz.002724,海洋王,2014-11-04,,1,1
sz.002725,跃岭股份,2014-01-29,,1,1
sz.002726,龙大美食,2014-06-26,,1,1
sz.002727,一心堂,2014-07-02,,1,1
sz.002728,特一药业,2014-07-31,,1,1
sz.002729,好利科技,2014-09-12,,1,1
sz.002730,电光科技,2014-10-09,,1,1
sz.002731,萃华珠宝,2014-11-04,,1,1
sz.002732,燕塘乳业,2014-12-05,,1,1
sz.002733,雄韬股份,2014-12-03,,1,1
sz.002734,利民股份,2015-01-27,,1,1
sz.002735,王子新材,2014-12-03,,1,1
sz.002736,国信证券,2014-12-29,,1,1
sz.002737,葵花药业,2014-12-30,,1,1
sz.002738,中矿资源,2014-12-30,,1,1
sz.002739,万达电影,2015-01-22,,1,1
sz.002740,ST爱迪尔,2015-01-22,,1,1
sz.002741,光华科技,2015-02-16,,1,1
sz.002742,ST三圣,2015-02-17,,1,1
sz.002743,富煌钢构,2015-02-17,,1,1
sz.002745,木林森,2015-02-17,,1,1
sz.002746,仙坛股份,2015-02-16,,1,1
sz.002747,埃斯顿,2015-03-20,,1,1
sz.002748,世龙实业,2015-03-19,,1,1
sz.002749,国光股份,2015-03-20,,1,1
sz.002750,龙津药业,2015-03-24,,1,1
sz.002751,*ST易尚,2015-04-24,,1,1
sz.002752,昇兴股份,2015-04-22,,1,1
sz.002753,永东股份,2015-05-19,,1,1
sz.002755,奥赛康,2015-05-15,,1,1
sz.002756,永兴材料,2015-05-15,,1,1
sz.002757,南兴股份,2015-05-27,,1,1
sz.002758,浙农股份,2015-05-27,,1,1
sz.002759,天际股份,2015-05-28,,1,1
sz.002760,凤形股份,2015-06-11,,1,1
sz.002761,浙江建投,2015-06-10,,1,1
sz.002762,金发拉比,2015-06-10,,1,1
sz.002763,汇洁股份,2015-06-10,,1,1
sz.002765,蓝黛科技,2015-06-12,,1,1
sz.002766,索菱股份,2015-06-11,,1,1
sz.002767,先锋电子,2015-06-12,,1,1
sz.002768,国恩股份,2015-06-30,,1,1
sz.002769,普路通,2015-06-29,,1,1
sz.002770,科迪退,2015-06-30,2022-06-23,1,0
sz.002771,真视通,2015-06-29,,1,1
sz.002772,众兴菌业,2015-06-26,,1,1
sz.002773,康弘药业,2015-06-26,,1,1
sz.002774,快意电梯,2017-03-24,,1,1
sz.002775,文科园林,2015-06-29,,1,1
sz.002776,ST柏龙,2015-06-26,,1,1
sz.002777,久远银海,2015-12-31,,1,1
sz.002778,中晟高科,2016-01-06,,1,1
sz.002779,中坚科技,2015-12-09,,1,1
sz.002780,三夫户外,2015-12-09,,1,1
sz.002781,*ST奇信,2015-12-22,,1,1
sz.002782,可立克,2015-12-22,,1,1
sz.002783,凯龙股份,2015-12-09,,1,1
sz.002785,万里石,2015-12-23,,1,1
sz.002786,银宝山新,2015-12-23,,1,1
sz.002787,华源控股,2015-12-31,,1,1
sz.002788,鹭燕医药,2016-02-18,,1,1
sz.002789,建艺集团,2016-03-11,,1,1
sz.002790,瑞尔特,2016-03-08,,1,1
sz.002791,坚朗五金,2016-03-29,,1,1
sz.002792,通宇通讯,2016-03-28,,1,1
sz.002793,罗欣药业,2016-04-15,,1,1
sz.002795,永和智控,2016-04-28,,1,1
sz.002796,世嘉科技,2016-05-10,,1,1
sz.002797,第一创业,2016-05-11,,1,1
sz.002798,帝欧家居,2016-05-25,,1,1
sz.002799,环球印务,2016-06-08,,1,1
sz.002800,天顺股份,2016-05-30,,1,1
sz.002801,微光股份,2016-06-22,,1,1
sz.002802,洪汇新材,2016-06-29,,1,1
sz.002803,吉宏股份,2016-07-12,,1,1
sz.002805,丰元股份,2016-07-07,,1,1
sz.002806,华锋股份,2016-07-26,,1,1
sz.002807,江阴银行,2016-09-02,,1,1
sz.002808,恒久科技,2016-08-12,,1,1
sz.002809,红墙股份,2016-08-23,,1,1
sz.002810,山东赫达,2016-08-26,,1,1
sz.002811,郑中设计,2016-09-08,,1,1
sz.002812,恩捷股份,2016-09-14,,1,1
sz.002813,路畅科技,2016-10-12,,1,1
sz.002815,崇达技术,2016-10-12,,1,1
sz.002816,和科达,2016-10-25,,1,1
sz.002817,黄山胶囊,2016-10-25,,1,1
sz.002818,富森美,2016-11-09,,1,1
sz.002819,东方中科,2016-11-11,,1,1
sz.002820,桂发祥,2016-11-18,,1,1
sz.002821,凯莱英,2016-11-18,,1,1
sz.002822,中装建设,2016-11-29,,1,1
sz.002823,凯中精密,2016-11-24,,1,1
sz.002824,和胜股份,2017-01-12,,1,1
sz.002825,纳尔股份,2016-11-29,,1,1
sz.002826,易明医药,2016-12-09,,1,1
sz.002827,高争民爆,2016-12-09,,1,1
sz.002828,贝肯能源,2016-12-08,,1,1
sz.002829,星网宇达,2016-12-13,,1,1
sz.002830,名雕股份,2016-12-13,,1,1
sz.002831,裕同科技,2016-12-16,,1,1
sz.002832,比音勒芬,2016-12-23,,1,1
sz.002833,弘亚数控,2016-12-28,,1,1
sz.002835,同为股份,2016-12-28,,1,1
sz.002836,新宏泽,2016-12-29,,1,1
sz.002837,英维克,2016-12-29,,1,1
sz.002838,道恩股份,2017-01-06,,1,1
sz.002839,张家港行,2017-01-24,,1,1
sz.002840,华统股份,2017-01-10,,1,1
sz.002841,视源股份,2017-01-19,,1,1
sz.002842,翔鹭钨业,2017-01-19,,1,1
sz.002843,泰嘉股份,2017-01-20,,1,1
sz.002845,同兴达,2017-01-25,,1,1
sz.002846,英联股份,2017-02-07,,1,1
sz.002847,盐津铺子,2017-02-08,,1,1
sz.002848,高斯贝尔,2017-02-13,,1,1
sz.002849,威星智能,2017-02-17,,1,1
sz.002850,科达利,2017-03-02,,1,1
sz.002851,麦格米特,2017-03-06,,1,1
sz.002852,道道全,2017-03-10,,1,1
sz.002853,皮阿诺,2017-03-10,,1,1
sz.002855,捷荣技术,2017-03-21,,1,1
sz.002856,美芝股份,2017-03-20,,1,1
sz.002857,三晖电气,2017-03-23,,1,1
sz.002858,力盛体育,2017-03-24,,1,1
sz.002859,洁美科技,2017-04-07,,1,1
sz.002860,星帅尔,2017-04-12,,1,1
sz.002861,瀛通通讯,2017-04-13,,1,1
sz.002862,实丰文化,2017-04-11,,1,1
sz.002863,今飞凯达,2017-04-18,,1,1
sz.002864,盘龙药业,2017-11-16,,1,1
sz.002865,钧达股份,2017-04-25,,1,1
sz.002866,传艺科技,2017-04-26,,1,1
sz.002867,周大生,2017-04-27,,1,1
sz.002868,绿康生化,2017-05-03,,1,1
sz.002869,金溢科技,2017-05-15,,1,1
sz.002870,香山股份,2017-05-15,,1,1
sz.002871,伟隆股份,2017-05-11,,1,1
sz.002872,ST天圣,2017-05-19,,1,1
sz.002873,新天药业,2017-05-19,,1,1
sz.002875,安奈儿,2017-06-01,,1,1
sz.002876,三利谱,2017-05-25,,1,1
sz.002877,智能自控,2017-06-05,,1,1
sz.002878,元隆雅图,2017-06-06,,1,1
sz.002879,长缆科技,2017-07-07,,1,1
sz.002880,卫光生物,2017-06-16,,1,1
sz.002881,美格智能,2017-06-22,,1,1
sz.002882,金龙羽,2017-07-17,,1,1
sz.002883,中设股份,2017-06-20,,1,1
sz.002884,凌霄泵业,2017-07-11,,1,1
sz.002885,京泉华,2017-06-27,,1,1
sz.002886,沃特股份,2017-06-27,,1,1
sz.002887,绿茵生态,2017-08-01,,1,1
sz.002888,惠威科技,2017-07-21,,1,1
sz.002889,东方嘉盛,2017-07-31,,1,1
sz.002890,弘宇股份,2017-08-02,,1,1
sz.002891,中宠股份,2017-08-21,,1,1
sz.002892,科力尔,2017-08-17,,1,1
sz.002893,华通热力,2017-09-15,,1,1
sz.002895,川恒股份,2017-08-25,,1,1
sz.002896,中大力德,2017-08-29,,1,1
sz.002897,意华股份,2017-09-07,,1,1
sz.002898,赛隆药业,2017-09-12,,1,1
sz.002899,英派斯,2017-09-15,,1,1
sz.002900,哈三联,2017-09-22,,1,1
sz.002901,大博医疗,2017-09-22,,1,1
sz.002902,铭普光磁,2017-09-29,,1,1
sz.002903,宇环数控,2017-10-13,,1,1
sz.002905,金逸影视,2017-10-16,,1,1
sz.002906,华阳集团,2017-10-13,,1,1
sz.002907,华森制药,2017-10-20,,1,1
sz.002908,德生科技,2017-10-20,,1,1
sz.002909,集泰股份,2017-10-26,,1,1
sz.002910,庄园牧场,2017-10-31,,1,1
sz.002911,佛燃能源,2017-11-22,,1,1
sz.002912,中新赛克,2017-11-21,,1,1
sz.002913,奥士康,2017-12-01,,1,1
sz.002915,中欣氟材,2017-12-05,,1,1
sz.002916,深南电路,2017-12-13,,1,1
sz.002917,金奥博,2017-12-08,,1,1
sz.002918,蒙娜丽莎,2017-12-19,,1,1
sz.002919,名臣健康,2017-12-18,,1,1
sz.002920,德赛西威,2017-12-26,,1,1
sz.002921,联诚精密,2017-12-27,,1,1
sz.002922,伊戈尔,2017-12-29,,1,1
sz.002923,润都股份,2018-01-05,,1,1
sz.002925,盈趣科技,2018-01-15,,1,1
sz.002926,华西证券,2018-02-05,,1,1
sz.002927,泰永长征,2018-02-23,,1,1
sz.002928,华夏航空,2018-03-02,,1,1
sz.002929,润建股份,2018-03-01,,1,1
sz.002930,宏川智慧,2018-03-28,,1,1
sz.002931,锋龙股份,2018-04-03,,1,1
sz.002932,明德生物,2018-07-10,,1,1
sz.002933,新兴装备,2018-08-28,,1,1
sz.002935,天奥电子,2018-09-03,,1,1
sz.002936,郑州银行,2018-09-19,,1,1
sz.002937,兴瑞科技,2018-09-26,,1,1
sz.002938,鹏鼎控股,2018-09-18,,1,1
sz.002939,长城证券,2018-10-26,,1,1
sz.002940,昂利康,2018-10-23,,1,1
sz.002941,新疆交建,2018-11-28,,1,1
sz.002942,新农股份,2018-12-05,,1,1
sz.002943,宇晶股份,2018-11-29,,1,1
sz.002945,华林证券,2019-01-17,,1,1
sz.002946,新乳业,2019-01-25,,1,1
sz.002947,恒铭达,2019-02-01,,1,1
sz.002948,青岛银行,2019-01-16,,1,1
sz.002949,华阳国际,2019-02-26,,1,1
sz.002950,奥美医疗,2019-03-11,,1,1
sz.002951,金时科技,2019-03-15,,1,1
sz.002952,亚世光电,2019-03-28,,1,1
sz.002953,日丰股份,2019-05-09,,1,1
sz.002955,鸿合科技,2019-05-23,,1,1
sz.002956,西麦食品,2019-06-19,,1,1
sz.002957,科瑞技术,2019-07-26,,1,1
sz.002958,青农商行,2019-03-26,,1,1
sz.002959,小熊电器,2019-08-23,,1,1
sz.002960,青鸟消防,2019-08-09,,1,1
sz.002961,瑞达期货,2019-09-05,,1,1
sz.002962,五方光电,2019-09-17,,1,1
sz.002963,豪尔赛,2019-10-28,,1,1
sz.002965,祥鑫科技,2019-10-25,,1,1
sz.002966,苏州银行,2019-08-02,,1,1
sz.002967,广电计量,2019-11-08,,1,1
sz.002968,新大正,2019-12-03,,1,1
sz.002969,嘉美包装,2019-12-02,,1,1
sz.002970,锐明技术,2019-12-17,,1,1
sz.002971,和远气体,2020-01-13,,1,1
sz.002972,科安达,2019-12-27,,1,1
sz.002973,侨银股份,2020-01-06,,1,1
sz.002975,博杰股份,2020-02-05,,1,1
sz.002976,瑞玛精密,2020-03-06,,1,1
sz.002977,天箭科技,2020-03-17,,1,1
sz.002978,安宁股份,2020-04-17,,1,1
sz.002979,雷赛智能,2020-04-08,,1,1
sz.002980,华盛昌,2020-04-15,,1,1
sz.002981,朝阳科技,2020-04-17,,1,1
sz.002982,湘佳股份,2020-04-24,,1,1
sz.002983,芯瑞达,2020-04-28,,1,1
sz.002984,森麒麟,2020-09-11,,1,1
sz.002985,北摩高科,2020-04-29,,1,1
sz.002986,宇新股份,2020-06-02,,1,1
sz.002987,京北方,2020-05-07,,1,1
sz.002988,豪美新材,2020-05-18,,1,1
sz.002989,中天精装,2020-06-10,,1,1
sz.002990,盛视科技,2020-05-25,,1,1
sz.002991,甘源食品,2020-07-31,,1,1
sz.002992,宝明科技,2020-08-03,,1,1
sz.002993,奥海科技,2020-08-17,,1,1
sz.002995,天地在线,2020-08-05,,1,1
sz.002996,顺博合金,2020-08-28,,1,1
sz.002997,瑞鹄模具,2020-09-03,,1,1
sz.002998,优彩资源,2020-09-25,,1,1
sz.002999,天禾股份,2020-09-03,,1,1
sz.003000,劲仔食品,2020-09-14,,1,1
sz.003001,中岩大地,2020-10-13,,1,1
sz.003002,壶化股份,2020-09-22,,1,1
sz.003003,天元股份,2020-09-21,,1,1
sz.003004,声迅股份,2020-11-26,,1,1
sz.003005,竞业达,2020-09-22,,1,1
sz.003006,百亚股份,2020-09-21,,1,1
sz.003007,直真科技,2020-09-23,,1,1
sz.003008,开普检测,2020-09-23,,1,1
sz.003009,中天火箭,2020-09-25,,1,1
sz.003010,若羽臣,2020-09-25,,1,1
sz.003011,海象新材,2020-09-30,,1,1
sz.003012,东鹏控股,2020-10-19,,1,1
sz.003013,地铁设计,2020-10-22,,1,1
sz.003015,日久光电,2020-10-21,,1,1
sz.003016,欣贺股份,2020-10-26,,1,1
sz.003017,大洋生物,2020-10-26,,1,1
sz.003018,金富科技,2020-11-06,,1,1
sz.003019,宸展光电,2020-11-17,,1,1
sz.003020,立方制药,2020-12-15,,1,1
sz.003021,兆威机电,2020-12-04,,1,1
sz.003022,联泓新科,2020-12-08,,1,1
sz.003023,彩虹集团,2020-12-11,,1,1
sz.003025,思进智能,2020-12-11,,1,1
sz.003026,中晶科技,2020-12-18,,1,1
sz.003027,同兴环保,2020-12-18,,1,1
sz.003028,振邦智能,2020-12-28,,1,1
sz.003029,吉大正元,2020-12-24,,1,1
sz.003030,祖名股份,2021-01-06,,1,1
sz.003031,中瓷电子,2021-01-04,,1,1
sz.003032,传智教育,2021-01-12,,1,1
sz.003033,征和工业,2021-01-11,,1,1
sz.003035,南网能源,2021-01-19,,1,1
sz.003036,泰坦股份,2021-01-28,,1,1
sz.003037,三和管桩,2021-02-04,,1,1
sz.003038,鑫铂股份,2021-02-10,,1,1
sz.003039,顺控发展,2021-03-08,,1,1
sz.003040,楚天龙,2021-03-22,,1,1
sz.003041,真爱美家,2021-04-06,,1,1
sz.003042,中农联合,2021-04-06,,1,1
sz.003043,华亚智能,2021-04-06,,1,1
sz.003816,中国广核,2019-08-26,,1,1